label,brand,platform,packer_or_type,distribution_url,original_sha256,original_size,defang_restore_first4_hex,archive
brand_astrill_android,astrill,Android,APK (awsdl SEO),https://www.awsdl.com/download/3rdparty/seo/astrill/astrill_android.apk,015d6c3fb6ef554961bf901f7306c89b5bd093ced816499af9407a1680bbd8d0,104503038,504b0304,brand_astrill_android_DEFANGED.zip
brand_biubiu_android,biubiu,Android,APK (awsdl SEO),https://www.awsdl.com/download/3rdparty/seo/biubiu/biubiu_android.apk,f286549e2dff591d3807eff6d953061f4a9139738b50f0336eff791c055b9e16,104501006,504b0304,brand_biubiu_android_DEFANGED.zip
brand_clash_android,clash,Android,APK (awsdl SEO),https://www.awsdl.com/download/3rdparty/seo/clash/clash_android.apk,ea661987575bfd3ffa7d241cb3150d0d52d52f952a60f630ecc71a21211c91cb,104457542,504b0304,brand_clash_android_DEFANGED.zip
brand_express_android,express,Android,APK (awsdl SEO),https://www.awsdl.com/download/3rdparty/seo/express/express_android.apk,7e23a043e8bd92ea2711298274954df309b94ba0b83b00b7a5124beb08271cb1,104485270,504b0304,brand_express_android_DEFANGED.zip
brand_fox_android,fox,Android,APK (awsdl SEO),https://www.awsdl.com/download/3rdparty/seo/fox/fox_android.apk,585486427554eca414b53206e5beeb37712a9408209db034887b88c8592611dc,104499034,504b0304,brand_fox_android_DEFANGED.zip
brand_lantern_android,lantern,Android,APK (awsdl SEO),https://www.awsdl.com/download/3rdparty/seo/lantern/lantern_android.apk,06dd7352c339cff4b1c4b6907e319d3c9e20fa54cddfea4df3c51252623a88a3,104522466,504b0304,brand_lantern_android_DEFANGED.zip
brand_nord_android,nord,Android,APK (awsdl SEO),https://www.awsdl.com/download/3rdparty/seo/nord/nord_android.apk,f952bcc37506b5362cbe498ebec2ffc4701535775006e8748c2012ec9ae3fcf2,104473378,504b0304,brand_nord_android_DEFANGED.zip
brand_panda_android,panda,Android,APK (awsdl SEO),https://www.awsdl.com/download/3rdparty/seo/panda/panda_android.apk,ea550c966189a6cdbc3eac61510b1517839714bca9fcc1d869ca0c88f54d6f81,104491850,504b0304,brand_panda_android_DEFANGED.zip
brand_ssr_android,ssr,Android,APK (awsdl SEO),https://www.awsdl.com/download/3rdparty/seo/ssr/ssr_android.apk,b02706b60be2a74cfa365c2620cbf41c7d121cc9c8709aa9cc505bb838e50512,104496226,504b0304,brand_ssr_android_DEFANGED.zip
brand_surfshark_android,surfshark,Android,APK (awsdl SEO),https://www.awsdl.com/download/3rdparty/seo/surfshark/surfshark_android.apk,5c42e7598d3f6897b4212e75ef8ca85806e82e5960446c89316b99012f71ee2d,104482890,504b0304,brand_surfshark_android_DEFANGED.zip
brand_v2rayn_android,v2rayn,Android,APK (awsdl SEO),https://www.awsdl.com/download/3rdparty/seo/v2rayn/v2rayn_android.apk,9cf2c9cb89d25b83e26edc887a794057969b101b74e7bc563725faf411a10c3b,104478446,504b0304,brand_v2rayn_android_DEFANGED.zip
brand_xunyou_android,xunyou,Android,APK (awsdl SEO),https://www.awsdl.com/download/3rdparty/seo/xunyou/xunyou_android.apk,0acd3293fab55c950cef5e5b30dec6b1b3c68014b87bdb737d25967601a37f1e,104465222,504b0304,brand_xunyou_android_DEFANGED.zip
heibao_android,heibao/黑豹,Android,APK,https://cdn.awsdl.xyz/3rdparty/seo/heibao/heibao_android.apk,02783b5c590670f3f1902e4f1aa9b98ab86d8c11752eed60a081bd9d99d0a435,104548010,504b0304,heibao_android_DEFANGED.zip
quickq_android,quickq,Android,APK,https://www.awsdl.com/download/3rdparty/seo/quickq/quickq_android.apk,6bc96e6f5d7665b8da629e9e1427c432876b74a692419d47a01e8d20c14969a5,104490858,504b0304,quickq_android_DEFANGED.zip
yunyin_android,yunyin/云隐,Android,APK,https://s3.daliaohengsheng.com/yunyin_v1.7.3.apk,ff2d310e0661904e74bf734e5d655cd623bb631c0a2b91a6256891df17966298,36118430,504b0304,yunyin_android_DEFANGED.zip
brandB-oldgen_ahaspeed_win,ahaspeed,Windows,AHAspeed Flutter家族B 旧构建代(builder同名品牌),https://www.awsdl.com/download/3rdparty/seo/ahaspeed/ahaspeed_win.exe,531a9843d18e1ca6ee583e564fd6575a2c20f27a244fd8744fc5c7318a1d37df,39929248,4d5a5000,brandB-oldgen_ahaspeed_win_DEFANGED.zip
brandB-oldgen_cham_win,cham,Windows,"AHAspeed Flutter家族B 旧构建代(2025-07-24,含.DS_Store)",https://www.awsdl.com/download/3rdparty/seo/cham/cham_win.exe,c85039aaa58fe26d8e1b2d7b20515894c0c7d3feee4f9aef94a764d710336be1,38932624,4d5a5000,brandB-oldgen_cham_win_DEFANGED.zip
brand_astrill_win,astrill,Windows,Inno6.1.0 trojanized (awsdl SEO),https://www.awsdl.com/download/3rdparty/seo/astrill/astrill_win.exe,1e0a19a19e1ed8589fc97296d62bad73676654229263b015f97cea0b41efe454,53370856,4d5a5000,brand_astrill_win_DEFANGED.zip
brand_biubiu_win,biubiu,Windows,Inno6.1.0 trojanized (awsdl SEO),https://www.awsdl.com/download/3rdparty/seo/biubiu/biubiu_win.exe,fbb4aae382017769dec29d1b914e192fd8ecf1ec1fb1587f8fb24349dca79081,53400488,4d5a5000,brand_biubiu_win_DEFANGED.zip
brand_clash_win,clash,Windows,Inno6.1.0 trojanized (awsdl SEO),https://www.awsdl.com/download/3rdparty/seo/clash/clash_win.exe,9f53948b9230d326520a0c3892a107df61a6c30c0d6782bd360dc0d8d5de6dd0,53296464,4d5a5000,brand_clash_win_DEFANGED.zip
brand_clashx-meta_win,clashx-meta,Windows,Inno6.1.0 trojanized (awsdl SEO),https://www.awsdl.com/download/3rdparty/seo/clashx-meta/clashx-meta_win.exe,a6d613b8c8e9a3344758124b4403340caa810032651693475db82dfb33b84558,53286592,4d5a5000,brand_clashx-meta_win_DEFANGED.zip
brand_clashx_win,clashx,Windows,Inno6.1.0 trojanized (awsdl SEO),https://www.awsdl.com/download/3rdparty/seo/clashx/clashx_win.exe,fdea5ee7d7c302d4a956e21e629e14c32be47317314cf4781d1992e2c4f1e393,53294024,4d5a5000,brand_clashx_win_DEFANGED.zip
brand_cyberghost_win,cyberghost,Windows,Inno6.1.0 trojanized (awsdl SEO),https://www.awsdl.com/download/3rdparty/seo/cyberghost/cyberghost_win.exe,fcc87caef83adb7a9939a296af98a11f5a009564235917ab58563380eb769324,53342728,4d5a5000,brand_cyberghost_win_DEFANGED.zip
brand_express_win,express,Windows,Inno6.1.0 trojanized (awsdl SEO),https://www.awsdl.com/download/3rdparty/seo/express/express_win.exe,aae8acf5a1130556377ab3babc26f9d9df9e2fd917738e4707851b5c36a9a3fd,53370792,4d5a5000,brand_express_win_DEFANGED.zip
brand_feimao_win,feimao,Windows,Inno6.1.0 trojanized (awsdl SEO),https://www.awsdl.com/download/3rdparty/seo/feimao/feimao_win.exe,b7be7df606f04d512bad2d3d511bb12364778ebf193e0ab055731de60c2c2039,53302008,4d5a5000,brand_feimao_win_DEFANGED.zip
brand_feiniao_win,feiniao,Windows,Inno6.1.0 trojanized (awsdl SEO),https://www.awsdl.com/download/3rdparty/seo/feiniao/feiniao_win.exe,ec82bebe6348ba6087d54edcaf17e911af918aff045a213b7b0bad9c3e556efe,53440312,4d5a5000,brand_feiniao_win_DEFANGED.zip
brand_feiyu_win,feiyu,Windows,Inno6.1.0 trojanized (awsdl SEO),https://www.awsdl.com/download/3rdparty/seo/feiyu/feiyu_win.exe,e803f7c5aa02099e733d0aedd70e30a093bec06998eb671dde73bff76b711d3c,53323752,4d5a5000,brand_feiyu_win_DEFANGED.zip
brand_flclash_win,flclash,Windows,Inno6.1.0 trojanized (awsdl SEO),https://www.awsdl.com/download/3rdparty/seo/flclash/flclash_win.exe,947ac1e84158e01283e89522eb5ec9698d85a8a88c05c2c6d1627caadccf7a0b,53296552,4d5a5000,brand_flclash_win_DEFANGED.zip
brand_fox_win,fox,Windows,Inno6.1.0 trojanized (awsdl SEO),https://www.awsdl.com/download/3rdparty/seo/fox/fox_win.exe,f102dd4f199672e15cbaf38a37c96b547092088a0608bba99e970421aa372144,53455696,4d5a5000,brand_fox_win_DEFANGED.zip
brand_green_win,green,Windows,Inno6.1.0 trojanized (awsdl SEO),https://www.awsdl.com/download/3rdparty/seo/green/green_win.exe,de3d286e20931bd14ee52cf3e18072b48035d9c2657ce944c6d03dc38731ca21,53404640,4d5a5000,brand_green_win_DEFANGED.zip
brand_haitun_win,haitun,Windows,Inno6.1.0 trojanized (awsdl SEO),https://www.awsdl.com/download/3rdparty/seo/haitun/haitun_win.exe,12d7817be5b9122405b2cbfb65548a0162284b44cc1652a66d44bc0257d761e8,53561552,4d5a5000,brand_haitun_win_DEFANGED.zip
brand_heibao_win,heibao,Windows,Inno6.1.0 trojanized (awsdl SEO),https://www.awsdl.com/download/3rdparty/seo/heibao/heibao_win.exe,d4144904b6b317e7effd2847a9d28d7a84d667ebf334a628b29ad9a82a2501a7,53595496,4d5a5000,brand_heibao_win_DEFANGED.zip
brand_hiddify_win,hiddify,Windows,Inno6.1.0 trojanized (awsdl SEO),https://www.awsdl.com/download/3rdparty/seo/hiddify/hiddify_win.exe,123acee67f1da3335c050e28ed23efb9969ebeec30c4bcc9b5d185a06f78eaa4,53266392,4d5a5000,brand_hiddify_win_DEFANGED.zip
brand_ipvanish_win,ipvanish,Windows,Inno6.1.0 trojanized (awsdl SEO),https://www.awsdl.com/download/3rdparty/seo/ipvanish/ipvanish_win.exe,0f537e5a739c93dbcd549cfb74c04d6d050f8eb3461e7e93407e8b2298b5b362,53358960,4d5a5000,brand_ipvanish_win_DEFANGED.zip
brand_karing_win,karing,Windows,Inno6.1.0 trojanized (awsdl SEO),https://www.awsdl.com/download/3rdparty/seo/karing/karing_win.exe,505beaf0824955788ef84cd6305dde5a60879fab1833347e2942d34f97ab951b,53322368,4d5a5000,brand_karing_win_DEFANGED.zip
brand_kuailian_win,kuailian,Windows,Inno6.1.0 trojanized (awsdl SEO),https://www.awsdl.com/download/3rdparty/seo/kuailian/kuailian_win.exe,fb437e504f24ea45c12e3716f91bf8861385d55f6842803e55065327b1212a14,53508088,4d5a5000,brand_kuailian_win_DEFANGED.zip
brand_ladder_win,ladder,Windows,Inno6.1.0 trojanized (awsdl SEO),https://www.awsdl.com/download/3rdparty/seo/ladder/ladder_win.exe,87588e7be34519459f71bea4d6bc55ce9f62be4b23b988e0996efee0d6ccf9b0,53370416,4d5a5000,brand_ladder_win_DEFANGED.zip
brand_lantern_win,lantern,Windows,Inno6.1.0 trojanized (awsdl SEO),https://www.awsdl.com/download/3rdparty/seo/lantern/lantern_win.exe,55e58da70cb088f0b957d69701fe123851d4c07d14891e97e1d96b3eb177963f,53549576,4d5a5000,brand_lantern_win_DEFANGED.zip
brand_liebao_win,liebao,Windows,Inno6.1.0 trojanized (awsdl SEO),https://www.awsdl.com/download/3rdparty/seo/liebao/liebao_win.exe,786d961f5f151d90e56176528a7ff6e610e735da95fc37357853a6fea4c4e7f3,53368688,4d5a5000,brand_liebao_win_DEFANGED.zip
brand_loon_win,loon,Windows,Inno6.1.0 trojanized (awsdl SEO),https://www.awsdl.com/download/3rdparty/seo/loon/loon_win.exe,295aa52285f0294ad728f64db95bcdb12af58c03a8a842f4283f00a7d09dfd11,53352256,4d5a5000,brand_loon_win_DEFANGED.zip
brand_nekoray_win,nekoray,Windows,Inno6.1.0 trojanized (awsdl SEO),https://www.awsdl.com/download/3rdparty/seo/nekoray/nekoray_win.exe,594f71d4ec3922c0e13ca20414b38609958ed08eeb6f480f51b3f196d88a6ebf,53309296,4d5a5000,brand_nekoray_win_DEFANGED.zip
brand_nord_win,nord,Windows,Inno6.1.0 trojanized (awsdl SEO),https://www.awsdl.com/download/3rdparty/seo/nord/nord_win.exe,8c152b694c94e5f6560a408321279c769637414044917148fc6d5760260e10b7,53343456,4d5a5000,brand_nord_win_DEFANGED.zip
brand_panda_win,panda,Windows,Inno6.1.0 trojanized (awsdl SEO),https://www.awsdl.com/download/3rdparty/seo/panda/panda_win.exe,e7ef283197fef2b84de591f37939e002f6197c85b419f3db103e8f0ff2efc404,53393576,4d5a5000,brand_panda_win_DEFANGED.zip
brand_potatso_win,potatso,Windows,Inno6.1.0 trojanized (awsdl SEO),https://www.awsdl.com/download/3rdparty/seo/potatso/potatso_win.exe,c099c7fa92f1c72824ff904ee558d26821eaa3466358b586424c05c6f66ee24e,53260192,4d5a5000,brand_potatso_win_DEFANGED.zip
brand_quickq_win,quickq,Windows,Inno6.1.0 trojanized (awsdl SEO),https://www.awsdl.com/download/3rdparty/seo/quickq/quickq_win.exe,5cb99819c866602d2320c75409e983b057cf511968ff8d0c3dfa0f4c457c677c,53414336,4d5a5000,brand_quickq_win_DEFANGED.zip
brand_qv2ray_win,qv2ray,Windows,Inno6.1.0 trojanized (awsdl SEO),https://www.awsdl.com/download/3rdparty/seo/qv2ray/qv2ray_win.exe,b47e2321ed6f8d95aae3f0884e81580166806b88598f51a0de23674d2901cb75,53278928,4d5a5000,brand_qv2ray_win_DEFANGED.zip
brand_rocket_win,rocket,Windows,Inno6.1.0 trojanized (awsdl SEO),https://www.awsdl.com/download/3rdparty/seo/rocket/rocket_win.exe,d49606343fe3cb6f90fce53271ab3ba30d211ccb7117fd68a2ee43262cfa4647,53458224,4d5a5000,brand_rocket_win_DEFANGED.zip
brand_shadowrocket_win,shadowrocket,Windows,Inno6.1.0 trojanized (awsdl SEO),https://www.awsdl.com/download/3rdparty/seo/shadowrocket/shadowrocket_win.exe,7321afa7b06d53186cb50fb5f8472ba0bbef350c278c7f4a61b62eab342d616c,53348784,4d5a5000,brand_shadowrocket_win_DEFANGED.zip
brand_shandian_win,shandian,Windows,Inno6.1.0 trojanized (awsdl SEO),https://www.awsdl.com/download/3rdparty/seo/shandian/shandian_win.exe,16292be4863f5b54b2f5f118f89be6ca1577bd69fab78c9f1a8984116efd1bba,53400368,4d5a5000,brand_shandian_win_DEFANGED.zip
brand_skyline_win,skyline,Windows,Inno6.1.0 trojanized (awsdl SEO),https://www.awsdl.com/download/3rdparty/seo/skyline/skyline_win.exe,1fdcb992a9354f546e47958c78611ff8c9a33ceb5c2a3e366530c9889da1d776,53279768,4d5a5000,brand_skyline_win_DEFANGED.zip
brand_ssr_win,ssr,Windows,Inno6.1.0 trojanized (awsdl SEO),https://www.awsdl.com/download/3rdparty/seo/ssr/ssr_win.exe,d489f78263219288008a266baace19109cffbdca3a0c4adc9d7b6cf71a925ba5,53426408,4d5a5000,brand_ssr_win_DEFANGED.zip
brand_streisand_win,streisand,Windows,Inno6.1.0 trojanized (awsdl SEO),https://www.awsdl.com/download/3rdparty/seo/streisand/streisand_win.exe,618579b17d33409d6e9794504c26a4afb59cb13eb32b2de5af724ccded63dc3b,53339592,4d5a5000,brand_streisand_win_DEFANGED.zip
brand_surfshark_win,surfshark,Windows,Inno6.1.0 trojanized (awsdl SEO),https://www.awsdl.com/download/3rdparty/seo/surfshark/surfshark_win.exe,18a469777fc6c390ec2ee279bd436bc9f56578c4fc4428672752be71f8fae153,53383512,4d5a5000,brand_surfshark_win_DEFANGED.zip
brand_surge_win,surge,Windows,Inno6.1.0 trojanized (awsdl SEO),https://www.awsdl.com/download/3rdparty/seo/surge/surge_win.exe,d37587a7624b4f0018700aa3eed690bbc86f6f72573b553587c007dbc5f885e0,53325072,4d5a5000,brand_surge_win_DEFANGED.zip
brand_turbo_win,turbo,Windows,Inno6.1.0 trojanized (awsdl SEO),https://www.awsdl.com/download/3rdparty/seo/turbo/turbo_win.exe,76af3d2f6837cc2f1ac230beae9f47eed323e1f88b20612db77723cbff2f635f,53267008,4d5a5000,brand_turbo_win_DEFANGED.zip
brand_v2rayn_win,v2rayn,Windows,Inno6.1.0 trojanized (awsdl SEO),https://www.awsdl.com/download/3rdparty/seo/v2rayn/v2rayn_win.exe,1f67447e8d1837fe4202a0018e08d10026af7968eb571bb72396f5831a1f12e8,53341016,4d5a5000,brand_v2rayn_win_DEFANGED.zip
brand_v2rayng_win,v2rayng,Windows,Inno6.1.0 trojanized (awsdl SEO),https://www.awsdl.com/download/3rdparty/seo/v2rayng/v2rayng_win.exe,946bfd946b850e4b19b2455e2a42abda71789901d21546f416f9144bac8a3244,53266600,4d5a5000,brand_v2rayng_win_DEFANGED.zip
brand_whale_win,whale,Windows,Inno6.1.0 trojanized (awsdl SEO),https://www.awsdl.com/download/3rdparty/seo/whale/whale_win.exe,4a05c1aeb7b0a07fc82b825cac2cb23702a81d58602ccd935711adcbce87895c,53381048,4d5a5000,brand_whale_win_DEFANGED.zip
brand_xigua_win,xigua,Windows,Inno6.1.0 trojanized (awsdl SEO),https://www.awsdl.com/download/3rdparty/seo/xigua/xigua_win.exe,f621a7a0e3c583c7febc4b2d11f99b47eb873e4a65b109611caa5f846264523c,53434888,4d5a5000,brand_xigua_win_DEFANGED.zip
brand_xunyou_win,xunyou,Windows,Inno6.1.0 trojanized (awsdl SEO),https://www.awsdl.com/download/3rdparty/seo/xunyou/xunyou_win.exe,23d6eb8c5cd330df2997e1e57a423d22f04619ac86c9f47e054e2694f56f10be,53310256,4d5a5000,brand_xunyou_win_DEFANGED.zip
brand_yunfan_win,yunfan,Windows,Inno6.1.0 trojanized (awsdl SEO),https://www.awsdl.com/download/3rdparty/seo/yunfan/yunfan_win.exe,a26b1f713bca86d4f89a82911631966500773c3e83d5412a7dc23737fb5cac55,53412528,4d5a5000,brand_yunfan_win_DEFANGED.zip
fxquickq_nextgen_kuailian_win,quickq/kuailian,Windows,Inno5.3.9 NEXT-GEN douyinray (PoW),https://down.fx-quickq.com.cn/download.php?type=kuailian,b1f21f45a84d7c0b94d7fd92a12a230f9aa129c7213673cd254f42a7a30e1929,106740388,4d5a5000,fxquickq_nextgen_kuailian_win_DEFANGED.zip
lure_discord_win,discord,Windows,AHAspeed Flutter家族(游戏/聊天诱饵新主题),https://www.awsdl.com/download/3rdparty/seo/discord/discord_win.exe,6b3d942cd70e77de4a034eaed8d2109c2403b3814f7a152cafd8620c0886ec07,53352672,4d5a5000,lure_discord_win_DEFANGED.zip
lure_genshin_win,genshin,Windows,AHAspeed Flutter家族(游戏/聊天诱饵新主题),https://www.awsdl.com/download/3rdparty/seo/genshin/genshin_win.exe,6b39bc2cdc0a5a67d96259dcd23e05cfc6878f0cd899adba57e7311b3d054e3e,53442232,4d5a5000,lure_genshin_win_DEFANGED.zip
lure_haoyong_win,haoyong/好用,Windows,AHAspeed Flutter家族(免费VPN诱饵),https://www.awsdl.com/download/3rdparty/seo/haoyong/haoyong_win.exe,a5287d3613785ae622d48d8aec5293241d01bdbe4eebf2898a93cdb42e1744bd,53427200,4d5a5000,lure_haoyong_win_DEFANGED.zip
lure_minecraft_win,minecraft,Windows,AHAspeed Flutter家族(游戏/聊天诱饵新主题),https://www.awsdl.com/download/3rdparty/seo/minecraft/minecraft_win.exe,23f812d2b3aa3ce8d8e1ebc00be69d27b35cbea4ee45eb4603d7aba258057b56,53385736,4d5a5000,lure_minecraft_win_DEFANGED.zip
lure_pojieban_win,pojieban/破解版,Windows,AHAspeed Flutter家族(破解版诱饵),https://www.awsdl.com/download/3rdparty/seo/pojieban/pojieban_win.exe,b088e3e697e9fe55c49b28e2cf524cc6056c441b97712f745114aaf153900a6d,53404352,4d5a5000,lure_pojieban_win_DEFANGED.zip
yunyin_win,yunyin/云隐,Windows,NSIS3.11,https://s3.daliaohengsheng.com/yunyin_v1.7.6.exe,5f89011ea449f0ecff9f0961d6c58e3e5573ce9868cc39bb2ce31b86c332bb85,27860311,4d5a9000,yunyin_win_DEFANGED.zip
fxquickq_type-clash_ClashVerge_zip,clash/ClashVerge,Windows(zip),PoW trojanized Clash Verge 2.5.1,https://down.fx-quickq.com.cn/download.php?type=clash,4b91395ca4ceae702d0426b74a965c7c95ebdc7fc5651413690a0f7069258e05,49383457,504b0304,fxquickq_type-clash_ClashVerge_zip_DEFANGED.zip
fxquickq_type-quickq_zip,quickq,Windows(zip),PoW OSS zip (2nd product),https://down.fx-quickq.com.cn/download.php?type=quickq,32431623e22c82e1ecf7f0fe693d98b8c804d5aef9e696915a4f18b875cd5afe,126403977,504b0304,fxquickq_type-quickq_zip_DEFANGED.zip
yunyin_clashverge_macos,yunyin/ClashVerge,macOS,macOS DMG (trojanized ClashVerge),https://s3.daliaohengsheng.com/ClashVergeYY175.dmg,4fcfb015842029c35a200eddbf53d70e82e5ad522dd3f13aeba30426a9af4535,46401189,78da6360,yunyin_clashverge_macos_DEFANGED.zip
